﻿<parameters>
  <parameter name="IIS Web Application Name" defaultValue="Default Web Site/" tags="IisApp">
    <parameterEntry kind="ProviderPath" scope="IisApp" match="^C:\\Users\\jon\\source\\repos\\BankOfBit_JS\\OnlineBanking\\obj\\Debug\\Package\\PackageTmp$" />
    <parameterEntry kind="ProviderPath" scope="setAcl" match="^C:\\Users\\jon\\source\\repos\\BankOfBit_JS\\OnlineBanking\\obj\\Debug\\Package\\PackageTmp$" />
  </parameter>
  <parameter name="DefaultConnection-Web.config Connection String" description="DefaultConnection Connection String used in web.config by the application to access the database." defaultValue="Data Source=(LocalDb)\MSSQLLocalDB;AttachDbFilename=|DataDirectory|\aspnet-OnlineBanking-20230325104149.mdf;Initial Catalog=aspnet-OnlineBanking-20230325104149;Integrated Security=True" tags="SqlConnectionString">
    <parameterEntry kind="XmlFile" scope="C:\\Users\\jon\\source\\repos\\BankOfBit_JS\\OnlineBanking\\obj\\Debug\\Package\\PackageTmp\\Web\.config$" match="/configuration/connectionStrings/add[@name='DefaultConnection']/@connectionString" />
  </parameter>
  <parameter name="BankOfBit_JSContext-Web.config Connection String" description="BankOfBit_JSContext Connection String used in web.config by the application to access the database." defaultValue="Data Source=localhost; Initial Catalog=BankOfBit_JSContext; Integrated Security=True" tags="SqlConnectionString">
    <parameterEntry kind="XmlFile" scope="C:\\Users\\jon\\source\\repos\\BankOfBit_JS\\OnlineBanking\\obj\\Debug\\Package\\PackageTmp\\Web\.config$" match="/configuration/connectionStrings/add[@name='BankOfBit_JSContext']/@connectionString" />
  </parameter>
</parameters>